{
    "name": "root",
    "gauges": {
        "MyBehavior.Policy.Entropy.mean": {
            "value": 1.4487212896347046,
            "min": 1.448367953300476,
            "max": 1.4509751796722412,
            "count": 20
        },
        "MyBehavior.Environment.EpisodeLength.mean": {
            "value": 13.311475409836065,
            "min": 13.311475409836065,
            "max": 20.87037037037037,
            "count": 20
        },
        "MyBehavior.Policy.ExtrinsicValueEstimate.mean": {
            "value": 3.3284757137298584,
            "min": 3.076240062713623,
            "max": 3.421452045440674,
            "count": 20
        },
        "MyBehavior.Environment.CumulativeReward.mean": {
            "value": 3.6875,
            "min": 3.1458333333333335,
            "max": 3.761904761904762,
            "count": 20
        },
        "MyBehavior.Policy.ExtrinsicReward.mean": {
            "value": 3.6875,
            "min": 3.1458333333333335,
            "max": 3.761904761904762,
            "count": 20
        },
        "MyBehavior.Losses.PolicyLoss.mean": {
            "value": 0.24210147606816876,
            "min": 0.23113456566905266,
            "max": 0.27420468563731343,
            "count": 20
        },
        "MyBehavior.Losses.ValueLoss.mean": {
            "value": 1.45780563804135,
            "min": 0.16760098760910438,
            "max": 3.5240149416960778,
            "count": 20
        },
        "MyBehavior.Policy.LearningRate.mean": {
            "value": 1.1720996093333288e-06,
            "min": 1.1720996093333288e-06,
            "max": 5.8466080511333344e-05,
            "count": 20
        },
        "MyBehavior.Policy.Epsilon.mean": {
            "value": 0.10039066666666668,
            "min": 0.10039066666666668,
            "max": 0.11948866666666669,
            "count": 20
        },
        "MyBehavior.Policy.Beta.mean": {
            "value": 1.191426666666666e-05,
            "min": 1.191426666666666e-05,
            "max": 0.00010549446666666666,
            "count": 20
        },
        "MyBehavior.IsTraining.mean": {
            "value": 1.0,
            "min": 1.0,
            "max": 1.0,
            "count": 20
        }
    },
    "metadata": {
        "timer_format_version": "0.1.0",
        "start_time_seconds": "1618067376",
        "python_version": "3.7.9 (v3.7.9:13c94747c7, Aug 15 2020, 01:31:08) \n[Clang 6.0 (clang-600.0.57)]",
        "command_line_arguments": "/Library/Frameworks/Python.framework/Versions/3.7/bin/mlagents-learn config/chaser.yaml --run-id=chaser --resume",
        "mlagents_version": "0.23.0",
        "mlagents_envs_version": "0.23.0",
        "communication_protocol_version": "1.3.0",
        "pytorch_version": "1.7.0",
        "numpy_version": "1.18.5",
        "end_time_seconds": "1618067466"
    },
    "total": 90.210621629,
    "count": 1,
    "self": 0.013481903999988276,
    "children": {
        "run_training.setup": {
            "total": 0.01974374999999995,
            "count": 1,
            "self": 0.01974374999999995
        },
        "TrainerController.start_learning": {
            "total": 90.17739597500001,
            "count": 1,
            "self": 0.21732610299986277,
            "children": {
                "TrainerController._reset_env": {
                    "total": 4.837703544,
                    "count": 1,
                    "self": 4.837703544
                },
                "TrainerController.advance": {
                    "total": 84.99506088300014,
                    "count": 3756,
                    "self": 0.10123014900042904,
                    "children": {
                        "env_step": {
                            "total": 84.8938307339997,
                            "count": 3756,
                            "self": 76.08085769999985,
                            "children": {
                                "SubprocessEnvManager._take_step": {
                                    "total": 8.729511950999921,
                                    "count": 3756,
                                    "self": 0.3776743500001132,
                                    "children": {
                                        "TorchPolicy.evaluate": {
                                            "total": 8.351837600999808,
                                            "count": 2877,
                                            "self": 1.7465579799995217,
                                            "children": {
                                                "TorchPolicy.sample_actions": {
                                                    "total": 6.605279621000286,
                                                    "count": 2877,
                                                    "self": 6.605279621000286
                                                }
                                            }
                                        }
                                    }
                                },
                                "workers": {
                                    "total": 0.08346108299993293,
                                    "count": 3756,
                                    "self": 0.0,
                                    "children": {
                                        "worker_root": {
                                            "total": 89.77549056799994,
                                            "count": 3756,
                                            "is_parallel": true,
                                            "self": 41.73420289799967,
                                            "children": {
                                                "run_training.setup": {
                                                    "total": 0.0,
                                                    "count": 0,
                                                    "is_parallel": true,
                                                    "self": 0.0,
                                                    "children": {
                                                        "steps_from_proto": {
                                                            "total": 0.00146011200000018,
                                                            "count": 1,
                                                            "is_parallel": true,
                                                            "self": 0.00041603499999887106,
                                                            "children": {
                                                                "_process_vector_observation": {
                                                                    "total": 0.0010440770000013089,
                                                                    "count": 2,
                                                                    "is_parallel": true,
                                                                    "self": 0.0010440770000013089
                                                                }
                                                            }
                                                        },
                                                        "UnityEnvironment.step": {
                                                            "total": 0.056684530000000066,
                                                            "count": 1,
                                                            "is_parallel": true,
                                                            "self": 0.00020366900000023946,
                                                            "children": {
                                                                "UnityEnvironment._generate_step_input": {
                                                                    "total": 0.0006717339999999794,
                                                                    "count": 1,