{
    "name": "root",
    "gauges": {
        "MyBehavior.Policy.Entropy.mean": {
            "value": 1.5294084548950195,
            "min": 1.4187724590301514,
            "max": 1.5294084548950195,
            "count": 47
        },
        "MyBehavior.Environment.EpisodeLength.mean": {
            "value": 1.611413043478261,
            "min": 1.3847980997624703,
            "max": 4.994219653179191,
            "count": 47
        },
        "MyBehavior.Policy.ExtrinsicValueEstimate.mean": {
            "value": 0.8483774065971375,
            "min": -0.003078739158809185,
            "max": 0.8688948154449463,
            "count": 47
        },
        "MyBehavior.Environment.CumulativeReward.mean": {
            "value": 0.8395833283818016,
            "min": 0.5257309859956217,
            "max": 0.8619047577182452,
            "count": 47
        },
        "MyBehavior.Policy.ExtrinsicReward.mean": {
            "value": 0.8395833283818016,
            "min": 0.5257309859956217,
            "max": 0.8619047577182452,
            "count": 47
        },
        "MyBehavior.Losses.PolicyLoss.mean": {
            "value": 0.26190926122654745,
            "min": 0.23003227140978671,
            "max": 0.2764080249587899,
            "count": 47
        },
        "MyBehavior.Losses.ValueLoss.mean": {
            "value": 0.05026671959021402,
            "min": 0.05026671959021402,
            "max": 1.3894503081048077,
            "count": 47
        },
        "MyBehavior.Policy.LearningRate.mean": {
            "value": 0.00023024635658455553,
            "min": 0.00023024635658455553,
            "max": 0.00029922881275706246,
            "count": 47
        },
        "MyBehavior.Policy.Epsilon.mean": {
            "value": 0.17674877777777778,
            "min": 0.17674877777777778,
            "max": 0.1997429375,
            "count": 47
        },
        "MyBehavior.Policy.Beta.mean": {
            "value": 0.0003860690111111111,
            "min": 0.0003860690111111111,
            "max": 0.00049874039375,
            "count": 47
        },
        "MyBehavior.IsTraining.mean": {
            "value": 1.0,
            "min": 1.0,
            "max": 1.0,
            "count": 47
        }
    },
    "metadata": {
        "timer_format_version": "0.1.0",
        "start_time_seconds": "1618062451",
        "python_version": "3.7.9 (v3.7.9:13c94747c7, Aug 15 2020, 01:31:08) \n[Clang 6.0 (clang-600.0.57)]",
        "command_line_arguments": "/Library/Frameworks/Python.framework/Versions/3.7/bin/mlagents-learn config/ray.yaml --run-id=turret2 --force",
        "mlagents_version": "0.23.0",
        "mlagents_envs_version": "0.23.0",
        "communication_protocol_version": "1.3.0",
        "pytorch_version": "1.7.0",
        "numpy_version": "1.18.5",
        "end_time_seconds": "1618062870"
    },
    "total": 419.19039683,
    "count": 1,
    "self": 0.007794511000042803,
    "children": {
        "run_training.setup": {
            "total": 0.026384527999999907,
            "count": 1,
            "self": 0.026384527999999907
        },
        "TrainerController.start_learning": {
            "total": 419.15621779099996,
            "count": 1,
            "self": 0.7173224500004949,
            "children": {
                "TrainerController._reset_env": {
                    "total": 11.843253367,
                    "count": 1,
                    "self": 11.843253367
                },
                "TrainerController.advance": {
                    "total": 406.29975487299953,
                    "count": 19591,
                    "self": 0.3853221219976035,
                    "children": {
                        "env_step": {
                            "total": 405.9144327510019,
                            "count": 19591,
                            "self": 385.4640980970014,
                            "children": {
                                "SubprocessEnvManager._take_step": {
                                    "total": 20.11104541699971,
                                    "count": 19591,
                                    "self": 0.9391035459996147,
                                    "children": {
                                        "TorchPolicy.evaluate": {
                                            "total": 19.171941871000094,
                                            "count": 7894,
                                            "self": 4.011020256999437,
                                            "children": {
                                                "TorchPolicy.sample_actions": {
                                                    "total": 15.160921614000657,
                                                    "count": 7894,
                                                    "self": 15.160921614000657
                                                }
                                            }
                                        }
                                    }
                                },
                                "workers": {
                                    "total": 0.33928923700084823,
                                    "count": 19590,
                                    "self": 0.0,
                                    "children": {
                                        "worker_root": {
                                            "total": 417.60169389099974,
                                            "count": 19590,
                                            "is_parallel": true,
                                            "self": 76.35099386199926,
                                            "children": {
                                                "run_training.setup": {
                                                    "total": 0.0,
                                                    "count": 0,
                                                    "is_parallel": true,
                                                    "self": 0.0,
                                                    "children": {
                                                        "steps_from_proto": {
                                                            "total": 0.0032629749999983915,
                                                            "count": 1,
                                                            "is_parallel": true,
                                                            "self": 0.0003376539999973005,
                                                            "children": {
                                                                "_process_vector_observation": {
                                                                    "total": 0.002925321000001091,
                                                                    "count": 4,
                                                                    "is_parallel": true,
                                                                    "self": 0.002925321000001091
                                                                }
                                                            }
                                                        },
                                                        "UnityEnvironment.step": {
                                                            "total": 0.03695259299999876,
                                                            "count": 1,
                                                            "is_parallel": true,
                                                            "self": 0.0002119450000002132,
                                                            "children": {
                                                                "UnityEnvironment._generate_step_input": {
                                                                    "total": 0.0003462579999986559,