{"count":1,"self":37.030671999999996,"total":72.411084,"children":{"AgentSendState":{"count":17967,"self":1.7755999999999998,"total":2.634554,"children":{"CollectObservations":{"count":3594,"self":0.17025099999999999,"total":0.17025099999999999,"children":null},"CollectDiscreteActionMasks":{"count":3594,"self":0.14454999999999998,"total":0.14454999999999998,"children":null},"AgentInfo.ToProto":{"count":3594,"self":0.33144,"total":0.544153,"children":{"GenerateSensorData":{"count":3594,"self":0.21271299999999999,"total":0.21271299999999999,"children":null}}}}},"DecideAction":{"count":17967,"self":31.081056,"total":31.081056,"children":null},"AgentAct":{"count":17967,"self":1.6609369999999999,"total":1.663134,"children":{"AgentInfo.ToProto":{"count":14,"self":0.001352,"total":0.0021969999999999997,"children":{"GenerateSensorData":{"count":14,"self":0.00084499999999999994,"total":0.00084499999999999994,"children":null}}}}}},"gauges":{"My Behavior.CumulativeReward":{"count":14,"max":-4,"min":-24,"runningAverage":-8.214286,"value":-4,"weightedAverage":-5.752596}},"metadata":{"timer_format_version":"0.1.0","start_time_seconds":"1617850314","unity_version":"2019.4.9f1","command_line_arguments":"\/Applications\/Unity.app\/Contents\/MacOS\/Unity -projectpath \/Users\/abhiram\/Desktop\/test -useHub -hubIPC -cloudEnvironment production -hubSessionId ced6bec0-9814-11eb-a0d9-e1052c84d611 -accessToken 6L5skLijij0mHIr3bLoZeB4eez0WTDRzlP24rWQtyWw002f","communication_protocol_version":"1.0.0","com.unity.ml-agents_version":"1.0.7","scene_name":"Imitation scene","end_time_seconds":"1617850387"}}