{"cameraMode":{"drawMode":0,"name":"Shaded","section":"Shading Mode"},"sceneLighting":false,"audioPlay":false,"sceneViewState":{"showFog":true,"showMaterialUpdate":false,"showSkybox":false,"showFlares":true,"showImageEffects":true,"showParticleSystems":true},"in2DMode":false,"pivot":{"x":0.0,"y":-2.3283064365386964e-9,"z":0.004000000189989805},"rotation":{"x":-0.1426084190607071,"y":-0.711682915687561,"z":0.15123917162418366,"w":-0.6710460186004639},"size":5.107917785644531,"orthographic":false}