{"cameraMode":{"drawMode":0,"name":"Shaded","section":"Shading Mode"},"sceneLighting":false,"audioPlay":false,"sceneViewState":{"showFog":true,"showMaterialUpdate":false,"showSkybox":false,"showFlares":true,"showImageEffects":true,"showParticleSystems":true},"in2DMode":false,"pivot":{"x":-25.669376373291017,"y":6.879005432128906,"z":-0.16441917419433595},"rotation":{"x":-0.019889554008841516,"y":0.9741550087928772,"z":-0.20396803319454194,"w":-0.09499119222164154},"size":0.45955392718315127,"orthographic":false}